PRAGMA defer_foreign_keys=TRUE;
CREATE TABLE categories (id INTEGER PRIMARY KEY AUTOINCREMENT, name TEXT NOT NULL, parentId INTEGER, createdAt TEXT NOT NULL, updatedAt TEXT NOT NULL, sortOrder INTEGER NOT NULL DEFAULT 0, FOREIGN KEY (parentId) REFERENCES categories(id));
INSERT INTO "categories" VALUES(4,'運動用品',NULL,'2025-09-30T02:13:18.562Z','2025-10-01T03:37:14.810Z',0);
INSERT INTO "categories" VALUES(5,'跳繩',4,'2025-09-30T02:13:18.922Z','2025-10-02T06:48:50.422Z',2);
INSERT INTO "categories" VALUES(7,'羽毛球拍',4,'2025-10-01T01:20:47.017Z','2025-10-02T06:48:50.422Z',1);
INSERT INTO "categories" VALUES(8,'娛樂器材',4,'2025-10-01T01:41:20.345Z','2025-10-02T06:48:50.422Z',3);
INSERT INTO "categories" VALUES(9,'桌球拍',4,'2025-10-01T02:08:07.079Z','2025-10-02T06:48:50.422Z',0);
INSERT INTO "categories" VALUES(10,'刀板',9,'2025-10-01T02:08:07.392Z','2025-10-01T02:08:07.392Z',0);
INSERT INTO "categories" VALUES(11,'正板',9,'2025-10-01T02:08:07.571Z','2025-10-01T02:08:07.571Z',0);
INSERT INTO "categories" VALUES(12,'健身器材',4,'2025-10-01T05:16:48.919Z','2025-10-02T06:48:50.422Z',4);
INSERT INTO "categories" VALUES(13,'球類',4,'2025-10-01T08:13:35.307Z','2025-10-02T06:48:50.422Z',5);
INSERT INTO "categories" VALUES(15,'按摩器材',NULL,'2025-10-02T02:30:10.647Z','2025-10-02T02:30:10.647Z',1);
INSERT INTO "categories" VALUES(16,'護具',4,'2025-10-02T03:05:58.397Z','2025-10-02T06:48:50.422Z',6);
INSERT INTO "categories" VALUES(17,'瑜珈',4,'2025-10-02T03:30:26.197Z','2025-10-02T06:48:50.422Z',7);
INSERT INTO "categories" VALUES(18,'棒球',4,'2025-10-02T06:31:52.280Z','2025-10-02T06:48:50.422Z',8);
INSERT INTO "categories" VALUES(19,'棒球手套',18,'2025-10-02T06:32:03.408Z','2025-10-02T06:32:03.408Z',0);
INSERT INTO "categories" VALUES(20,'籃球',13,'2025-10-02T06:48:30.006Z','2025-10-02T06:48:30.006Z',0);
INSERT INTO "categories" VALUES(22,'教學用具',NULL,'2025-10-03T01:26:37.603Z','2025-10-03T03:04:51.638Z',2);
INSERT INTO "categories" VALUES(23,'網球',4,'2025-10-03T06:09:51.906Z','2025-10-03T06:09:51.906Z',9);
INSERT INTO "categories" VALUES(24,'其他',NULL,'2025-10-03T06:22:11.362Z','2025-10-03T06:22:11.362Z',3);
CREATE TABLE products (id INTEGER PRIMARY KEY AUTOINCREMENT, sku TEXT UNIQUE, name TEXT NOT NULL, ean13 TEXT, price REAL DEFAULT 0, description TEXT, imageUrls TEXT, imageSize INTEGER DEFAULT 90, categoryId INTEGER, createdAt TEXT NOT NULL, updatedAt TEXT NOT NULL, FOREIGN KEY (categoryId) REFERENCES categories(id));
INSERT INTO "products" VALUES(7,'B1700','B1700 羽毛球拍','4718761131708',170,'鐵/木/尼龍線/PVC','["https://pub-11489dff30344afe939903afef710f23.r2.dev/batch-img_1759281235147_0.38373558815121245-1759281644407.webp","https://pub-11489dff30344afe939903afef710f23.r2.dev/batch-img_1759281508930_0.25324128491186293-1759281644409.webp"]',100,7,'2025-10-01T01:20:47.017Z','2025-10-02T01:12:45.015Z');
INSERT INTO "products" VALUES(8,'B2400','B2400 羽毛球拍','4718761132002',200,'鐵/木/尼龍線/PVC','["https://pub-11489dff30344afe939903afef710f23.r2.dev/batch-img_1759281236285_0.6364734442347306-1759281644407.webp","https://pub-11489dff30344afe939903afef710f23.r2.dev/batch-img_1759281522628_0.15874312349189634-1759281644409.webp"]',100,7,'2025-10-01T01:20:47.017Z','2025-10-02T01:12:50.150Z');
INSERT INTO "products" VALUES(9,'B3000','B3000 羽毛球拍','4718761132507',250,'鐵/木/尼龍線/PVC','["https://pub-11489dff30344afe939903afef710f23.r2.dev/batch-img_1759281238332_0.7236769771490974-1759281644407.webp","https://pub-11489dff30344afe939903afef710f23.r2.dev/batch-img_1759281237568_0.38064511196358564-1759281644407.webp"]',100,7,'2025-10-01T01:20:47.017Z','2025-10-02T01:12:00.512Z');
INSERT INTO "products" VALUES(10,'B3200','B3200 鋁製羽拍','4718761133009',300,'鋁、鐵、羽拍線、木材','["https://pub-11489dff30344afe939903afef710f23.r2.dev/batch-img_1759281240027_0.5718864816395941-1759281644408.webp","https://pub-11489dff30344afe939903afef710f23.r2.dev/batch-img_1759281238977_0.6599213410007065-1759281644408.webp"]',100,7,'2025-10-01T01:20:47.017Z','2025-10-02T01:12:56.706Z');
INSERT INTO "products" VALUES(11,'B3600','B3600 鋁製羽拍','4718761133504',350,'鋁、鐵、羽拍線、木材','["https://pub-11489dff30344afe939903afef710f23.r2.dev/batch-img_1759281246521_0.09476345448054335-1759281644408.webp","https://pub-11489dff30344afe939903afef710f23.r2.dev/batch-img_1759281549026_0.7503463813947026-1759281644409.webp"]',100,7,'2025-10-01T01:20:47.017Z','2025-10-02T01:13:03.264Z');
INSERT INTO "products" VALUES(12,'B9400','B9400 鋁製羽拍','4718761134006',400,'鋁、鐵、羽拍線、木材','["https://pub-11489dff30344afe939903afef710f23.r2.dev/batch-img_1759281640352_0.5099516409565316-1759281644409.webp","https://pub-11489dff30344afe939903afef710f23.r2.dev/batch-img_1759281247506_0.35831623096012144-1759281644408.webp"]',100,7,'2025-10-01T01:20:47.017Z','2025-10-02T01:11:52.310Z');
INSERT INTO "products" VALUES(13,'B9500','B9500 羽拍鋁鋼一體','4718761135003',500,'鋁、鐵、羽拍線、木材','["https://pub-11489dff30344afe939903afef710f23.r2.dev/batch-img_1759281249056_0.7406177246999153-1759281644408.webp","https://pub-11489dff30344afe939903afef710f23.r2.dev/batch-img_1759281240908_0.38575081170563563-1759281644408.webp"]',100,7,'2025-10-01T01:20:47.017Z','2025-10-02T01:13:09.090Z');
INSERT INTO "products" VALUES(14,'SX30120','黏巴球組','4714220680046',150,'塑 膠 ','["https://pub-11489dff30344afe939903afef710f23.r2.dev/batch-img_1759282095970_0.978262998696046-1759282877264.webp","https://pub-11489dff30344afe939903afef710f23.r2.dev/batch-img_1759282105386_0.324955140069924-1759282877265.webp"]',90,8,'2025-10-01T01:41:20.345Z','2025-10-01T07:47:00.871Z');
INSERT INTO "products" VALUES(15,'SX30121','手套黏巴球組','4714220680022',140,'海綿/ 橡膠 / 尼 龍 ','["https://pub-11489dff30344afe939903afef710f23.r2.dev/product-15-1759285125031-nqh5k.webp"]',100,8,'2025-10-01T01:41:20.345Z','2025-10-01T10:04:11.533Z');
INSERT INTO "products" VALUES(16,'X250280','泡 棉 炫 彩 骰 子','471806125028',320,'聚 胺 酯 塑 膠 6英吋','["https://pub-11489dff30344afe939903afef710f23.r2.dev/batch-img_1759282061696_0.4389324689538042-1759282877263.webp","https://pub-11489dff30344afe939903afef710f23.r2.dev/batch-img_1759282063345_0.4831657289962694-1759282877264.webp","https://pub-11489dff30344afe939903afef710f23.r2.dev/batch-img_1759282062487_0.9283172984428643-1759282877263.webp"]',70,8,'2025-10-01T01:41:20.345Z','2025-10-01T10:04:39.307Z');
INSERT INTO "products" VALUES(17,'X250320','泡棉3入炫彩骰子','4718761250324',340,'聚 胺 酯 塑 膠  3英吋','["https://pub-11489dff30344afe939903afef710f23.r2.dev/batch-img_1759282069989_0.4884980819641871-1759282877264.webp"]',65,8,'2025-10-01T01:41:20.345Z','2025-10-01T07:47:18.251Z');
INSERT INTO "products" VALUES(18,'X250320-2','泡棉1入炫彩骰子','4718761250324',120,'聚 胺 酯 塑 膠  3英吋','["https://pub-11489dff30344afe939903afef710f23.r2.dev/batch-img_1759282653880_0.15490280841675663-1759282877266.webp"]',65,8,'2025-10-01T01:41:20.345Z','2025-10-01T07:47:09.468Z');
INSERT INTO "products" VALUES(19,'X250260','發泡3入骰子','4718761250263',180,'5.3cm','["https://pub-11489dff30344afe939903afef710f23.r2.dev/batch-img_1759282079957_0.795757866013906-1759282877264.webp","https://pub-11489dff30344afe939903afef710f23.r2.dev/batch-img_1759282090349_0.8788607522249346-1759282877264.webp"]',90,8,'2025-10-01T01:41:20.345Z','2025-10-01T07:46:43.436Z');
INSERT INTO "products" VALUES(20,'X250260-2','發泡1入骰子','4718761250263',60,'5.3cm','["https://pub-11489dff30344afe939903afef710f23.r2.dev/batch-img_1759282840539_0.5568791415754657-1759282877267.webp","https://pub-11489dff30344afe939903afef710f23.r2.dev/batch-img_1759282846623_0.7810503760604929-1759282877267.webp"]',90,8,'2025-10-01T01:41:20.345Z','2025-10-01T07:46:48.802Z');
INSERT INTO "products" VALUES(21,'SB30070','樂樂棒球(小)','4718761090708',50,'PU發泡 70mm','["https://pub-11489dff30344afe939903afef710f23.r2.dev/product-21-1759296724118-pz1td.webp","https://pub-11489dff30344afe939903afef710f23.r2.dev/batch-img_1759282127868_0.8791073669450483-1759282877266.webp","https://pub-11489dff30344afe939903afef710f23.r2.dev/batch-img_1759282128437_0.9704904832975558-1759282877266.webp","https://pub-11489dff30344afe939903afef710f23.r2.dev/batch-img_1759282060744_0.46661499908229953-1759282877263.webp"]',95,8,'2025-10-01T01:41:20.345Z','2025-10-01T05:32:16.708Z');
INSERT INTO "products" VALUES(22,'SB30014','樂樂棒球(大)','4718761090067',80,'PU發泡 8.8CM','["https://pub-11489dff30344afe939903afef710f23.r2.dev/batch-img_1759282127193_0.13312634931460654-1759282877266.webp"]',70,8,'2025-10-01T01:41:20.345Z','2025-10-01T10:04:43.134Z');
INSERT INTO "products" VALUES(23,'RS60','安全足球','',280,'PU發泡 6吋','["https://pub-11489dff30344afe939903afef710f23.r2.dev/product-23-1759374318566-jmaik.webp","https://pub-11489dff30344afe939903afef710f23.r2.dev/batch-img_1759282125630_0.2033925711847656-1759282877265.webp","https://pub-11489dff30344afe939903afef710f23.r2.dev/batch-img_1759282126434_0.829102234161884-1759282877265.webp"]',90,8,'2025-10-01T01:41:20.345Z','2025-10-02T03:05:20.050Z');
INSERT INTO "products" VALUES(24,'RV75','安全排球','',350,'PU發泡 7.5吋','["https://pub-11489dff30344afe939903afef710f23.r2.dev/batch-img_1759282499896_0.09965652370632205-1759282877266.webp"]',70,8,'2025-10-01T01:41:20.345Z','2025-10-01T01:48:45.197Z');
INSERT INTO "products" VALUES(25,'SB30016','樂樂棒球組','4714220680428',480,'PU發泡、塑膠','["https://pub-11489dff30344afe939903afef710f23.r2.dev/batch-img_1759282871346_0.8698915950014399-1759282877267.webp"]',90,8,'2025-10-01T01:41:20.345Z','2025-10-01T01:43:52.030Z');
INSERT INTO "products" VALUES(26,'P3035','美型刀板','4718761020002',170,'','["https://pub-11489dff30344afe939903afef710f23.r2.dev/batch-img_1759284085665_0.9193642647513608-1759284484273.webp"]',100,10,'2025-10-01T02:08:07.079Z','2025-10-01T10:04:34.365Z');
INSERT INTO "products" VALUES(27,'P922','P922 鐵人刀板桌拍','4718761029227',200,'','["https://pub-11489dff30344afe939903afef710f23.r2.dev/batch-img_1759284082611_0.4069909931283687-1759284484272.webp"]',100,10,'2025-10-01T02:08:07.079Z','2025-10-02T01:13:42.450Z');
INSERT INTO "products" VALUES(28,'P933','P933 刀板桌拍','4718761029333',250,'','["https://pub-11489dff30344afe939903afef710f23.r2.dev/batch-img_1759284082429_0.19628510231254215-1759284484272.webp"]',100,10,'2025-10-01T02:08:07.079Z','2025-10-02T01:13:37.145Z');
INSERT INTO "products" VALUES(29,'P955','P955 刀板桌拍','4718761029555',300,'','["https://pub-11489dff30344afe939903afef710f23.r2.dev/batch-img_1759284082784_0.5308598121217961-1759284484272.webp"]',100,10,'2025-10-01T02:08:07.079Z','2025-10-02T01:13:32.100Z');
INSERT INTO "products" VALUES(30,'P935','P935 刀板桌拍','4718761029357',350,'','["https://pub-11489dff30344afe939903afef710f23.r2.dev/batch-img_1759284465167_0.655565444675951-1759284484273.webp"]',100,10,'2025-10-01T02:08:07.079Z','2025-10-02T01:13:23.520Z');
INSERT INTO "products" VALUES(31,'P988','P988 鐵人精品刀板','4718761029883',500,'','["https://pub-11489dff30344afe939903afef710f23.r2.dev/batch-img_1759284083350_0.5438553564828187-1759284484272.webp"]',100,10,'2025-10-01T02:08:07.079Z','2025-10-02T01:14:15.097Z');
INSERT INTO "products" VALUES(32,'P977','P977 刀板乒乓拍','4718761020977',450,'','["https://pub-11489dff30344afe939903afef710f23.r2.dev/batch-img_1759284083825_0.15808488644723762-1759284484273.webp"]',100,10,'2025-10-01T02:08:07.079Z','2025-10-02T01:13:18.351Z');
INSERT INTO "products" VALUES(33,'RDJS1','蝴蝶牌幻象-1','4906901182844 ',470,'','["https://pub-11489dff30344afe939903afef710f23.r2.dev/batch-img_1759284080684_0.8849279645671184-1759284484271.webp"]',100,10,'2025-10-01T02:08:07.079Z','2025-10-01T10:04:23.096Z');
INSERT INTO "products" VALUES(34,'P310','白玉乒乓拍','4718761013103 ',120,'','["https://pub-11489dff30344afe939903afef710f23.r2.dev/batch-img_1759284084132_0.25943325513842486-1759284484273.webp"]',100,11,'2025-10-01T02:08:07.079Z','2025-10-01T10:04:16.815Z');
INSERT INTO "products" VALUES(35,'P555','P555 正板桌拍','4718761015558 ',200,'','["https://pub-11489dff30344afe939903afef710f23.r2.dev/product-35-1759284742897-l21w5.webp"]',100,11,'2025-10-01T02:08:07.079Z','2025-10-02T01:13:59.789Z');
INSERT INTO "products" VALUES(36,'P995','P995 正板桌拍','4718761019952 ',450,'','["https://pub-11489dff30344afe939903afef710f23.r2.dev/batch-img_1759284082063_0.2856296645994114-1759284484271.webp"]',100,11,'2025-10-01T02:08:07.079Z','2025-10-02T01:14:04.758Z');
INSERT INTO "products" VALUES(37,'P996','P996 正板桌拍','4718761019969 ',500,'','["https://pub-11489dff30344afe939903afef710f23.r2.dev/batch-img_1759284081485_0.88100834865299-1759284484271.webp"]',100,11,'2025-10-01T02:08:07.079Z','2025-10-02T01:13:53.729Z');
INSERT INTO "products" VALUES(38,'H80060','握力器(塑膠柄)','4718761190019',100,'鐵、塑膠','["https://pub-11489dff30344afe939903afef710f23.r2.dev/batch-img_1759296147312_0.0720116249320586-1759296223886.webp"]',75,12,'2025-10-01T05:23:46.348Z','2025-10-01T06:07:30.143Z');
INSERT INTO "products" VALUES(39,'H80075','握力器(泡棉)','4718761190026',120,'鐵、泡棉','["https://pub-11489dff30344afe939903afef710f23.r2.dev/batch-img_1759296146402_0.7723711772853504-1759296223885.webp"]',85,12,'2025-10-01T05:23:46.348Z','2025-10-02T08:10:59.751Z');
INSERT INTO "products" VALUES(40,'H80121','可調式計次高級握力器 5-60KG','4714220801212',240,'塑膠、橡膠、不鏽鋼 5-60KG','["https://pub-11489dff30344afe939903afef710f23.r2.dev/batch-img_1759296146181_0.5696702175290075-1759296223885.webp"]',90,12,'2025-10-01T05:23:46.348Z','2025-10-02T02:10:22.686Z');
INSERT INTO "products" VALUES(41,'H80120','可調式高級握力器 10-40KG','4714220521400',260,'塑膠、橡膠、不鏽鋼、矽鋼 10-40KG','["https://pub-11489dff30344afe939903afef710f23.r2.dev/batch-img_1759296146958_0.37934680135547505-1759296223886.webp"]',90,12,'2025-10-01T05:23:46.348Z','2025-10-02T01:16:45.397Z');
INSERT INTO "products" VALUES(42,'X00160','強力彈弓','4718761210014',220,'鐵、塑膠、橡膠','["https://pub-11489dff30344afe939903afef710f23.r2.dev/batch-img_1759296148432_0.4513006027392109-1759296223886.webp"]',90,12,'2025-10-01T05:23:46.348Z','2025-10-01T05:27:59.229Z');
INSERT INTO "products" VALUES(43,'H90200','成人接力棒','4718761200046',700,'鋁合金 38mm/30cm','["https://pub-11489dff30344afe939903afef710f23.r2.dev/batch-img_1759296162369_0.21317880299706016-1759296223887.webp"]',60,12,'2025-10-01T05:23:46.348Z','2025-10-01T05:28:18.555Z');
INSERT INTO "products" VALUES(44,'H90180','國小接力棒','4718761200046',660,'鋁合金 32mm/30cm','["https://pub-11489dff30344afe939903afef710f23.r2.dev/batch-img_1759296170216_0.40373840136364003-1759296223887.webp"]',60,12,'2025-10-01T05:23:46.348Z','2025-10-01T05:28:22.136Z');
INSERT INTO "products" VALUES(45,'H80160','拉力器','4718761190194',260,'','["https://pub-11489dff30344afe939903afef710f23.r2.dev/batch-img_1759296185900_0.7112703210957799-1759296223887.webp"]',90,12,'2025-10-01T05:23:46.348Z','2025-10-01T05:28:33.281Z');
INSERT INTO "products" VALUES(46,'H80260','伏地挺身器','4718761190217',350,'','["https://pub-11489dff30344afe939903afef710f23.r2.dev/batch-img_1759296146703_0.22049348620497622-1759296223885.webp"]',90,12,'2025-10-01T05:23:46.348Z','2025-10-01T05:28:46.711Z');
INSERT INTO "products" VALUES(47,'H80270','雙簧壓力棒 75cm','4718761190170',0,'75cm','["https://pub-11489dff30344afe939903afef710f23.r2.dev/product-47-1759375656023-wpqqr.webp"]',90,12,'2025-10-01T05:23:46.348Z','2025-10-02T03:28:02.394Z');
INSERT INTO "products" VALUES(48,'H82030','單簧壓力棒 75cm','4718761190187',0,'75cm','["https://pub-11489dff30344afe939903afef710f23.r2.dev/product-48-1759375648022-qkc32.webp"]',90,12,'2025-10-01T05:23:46.348Z','2025-10-02T03:27:53.445Z');
INSERT INTO "products" VALUES(49,'H80231','單簧壓力棒 65cm','4718761190194',0,'65cm','["https://pub-11489dff30344afe939903afef710f23.r2.dev/product-49-1759375637865-h4ss7.webp"]',85,12,'2025-10-01T05:23:46.348Z','2025-10-02T03:27:48.211Z');
INSERT INTO "products" VALUES(50,'X25015','實心飛盤','4718761190101',50,replace('PP塑膠\n9吋','\n',char(10)),'["https://pub-11489dff30344afe939903afef710f23.r2.dev/product-new_1759296913432-1759296913432-3lond.webp"]',90,8,'2025-10-01T05:35:14.394Z','2025-10-01T05:35:14.394Z');
INSERT INTO "products" VALUES(51,'X25010','空心飛盤','4718761190132',50,replace('塑膠\n11吋','\n',char(10)),'["https://pub-11489dff30344afe939903afef710f23.r2.dev/product-new_1759296983406-1759296983406-xykak.webp"]',90,8,'2025-10-01T05:36:25.355Z','2025-10-01T05:36:25.355Z');
INSERT INTO "products" VALUES(55,NULL,'鐵人足球4號','4718761116101',0,'4號 橡膠 340-360克','["https://pub-11489dff30344afe939903afef710f23.r2.dev/batch-img_1759306082258_0.6302908866322576-1759306412780.webp"]',90,13,'2025-10-01T08:13:35.307Z','2025-10-02T01:15:02.055Z');
INSERT INTO "products" VALUES(56,NULL,'鐵人排球4號','4718761117306',0,'4號 橡膠 260-280克','["https://pub-11489dff30344afe939903afef710f23.r2.dev/batch-img_1759306085352_0.9952511715007278-1759306412781.webp"]',90,13,'2025-10-01T08:13:35.307Z','2025-10-02T01:14:55.346Z');
INSERT INTO "products" VALUES(57,NULL,'鐵人軟式躲避球3號','4718761118402',0,'3號 橡膠 300-320克','["https://pub-11489dff30344afe939903afef710f23.r2.dev/batch-img_1759306080991_0.2787658225799602-1759306412780.webp"]',90,13,'2025-10-01T08:13:35.307Z','2025-10-02T01:15:11.284Z');
INSERT INTO "products" VALUES(58,NULL,'鐵人軟式躲避球','4718761118303',0,'橡膠 300-320克','["https://pub-11489dff30344afe939903afef710f23.r2.dev/batch-img_1759306086058_0.561614460768333-1759306412781.webp"]',90,13,'2025-10-01T08:13:35.307Z','2025-10-01T08:15:14.566Z');
INSERT INTO "products" VALUES(59,NULL,'鐵人雙色籃球7號','4718761119157',0,'7號 橡膠 600-650克','["https://pub-11489dff30344afe939903afef710f23.r2.dev/batch-img_1759306198466_0.7426578425050879-1759306412781.webp","https://pub-11489dff30344afe939903afef710f23.r2.dev/batch-img_1759306086728_0.7072378117600366-1759306412781.webp"]',90,20,'2025-10-01T08:13:35.307Z','2025-10-02T06:59:00.903Z');
INSERT INTO "products" VALUES(60,NULL,'鐵人籃球5號','4718761119003',0,'5號 橡膠 480-500克','["https://pub-11489dff30344afe939903afef710f23.r2.dev/batch-img_1759306083784_0.9425712799855064-1759306412781.webp","https://pub-11489dff30344afe939903afef710f23.r2.dev/batch-img_1759306082975_0.6670074820412957-1759306412780.webp"]',90,20,'2025-10-01T08:13:35.307Z','2025-10-02T06:59:25.073Z');
INSERT INTO "products" VALUES(61,NULL,'鐵人籃球7號','4718761119102',0,'7號 橡膠 600-650克','["https://pub-11489dff30344afe939903afef710f23.r2.dev/batch-img_1759306084610_0.9998745492097488-1759306412781.webp"]',90,20,'2025-10-01T08:13:35.307Z','2025-10-02T06:59:17.783Z');
INSERT INTO "products" VALUES(62,NULL,'鐵人躲避球','4718761118105',0,'橡膠 300-320克','["https://pub-11489dff30344afe939903afef710f23.r2.dev/batch-img_1759306305266_0.8531073115125488-1759306412781.webp"]',90,13,'2025-10-01T08:13:35.307Z','2025-10-01T08:15:44.452Z');
INSERT INTO "products" VALUES(63,NULL,'鐵人足球','4718761116156',0,'5號 橡膠 400-450克','["https://pub-11489dff30344afe939903afef710f23.r2.dev/batch-img_1759306409668_0.8338200820886226-1759306412782.webp"]',90,13,'2025-10-01T08:13:35.307Z','2025-10-01T08:15:47.511Z');
INSERT INTO "products" VALUES(64,NULL,'鐵人排球5號','4718761117207',0,'5號 橡膠 260-280克','["https://pub-11489dff30344afe939903afef710f23.r2.dev/batch-img_1759306408875_0.7528191380026634-1759306412781.webp"]',90,13,'2025-10-01T08:13:35.307Z','2025-10-02T01:14:47.091Z');
INSERT INTO "products" VALUES(66,'HA70','實心跳繩 HA70','477187611005',70,'PVC/PVC','["https://pub-11489dff30344afe939903afef710f23.r2.dev/product-66-1759367980613-mtbfq.webp"]',90,5,'2025-10-02T01:19:00.296Z','2025-10-02T01:20:22.303Z');
INSERT INTO "products" VALUES(67,'HA80','跳繩 HA80','471876110065',80,'木材/聚酯纖維 246cm','["https://pub-11489dff30344afe939903afef710f23.r2.dev/product-new_1759368293445-1759368293445-97rw9.webp"]',90,5,'2025-10-02T01:24:54.746Z','2025-10-02T01:25:38.612Z');
INSERT INTO "products" VALUES(68,'H90','訓練用實心跳繩 H90','471876110080',90,'PVC/PVC 295cm','["https://pub-11489dff30344afe939903afef710f23.r2.dev/product-new_1759368423385-1759368423385-i8tue.webp"]',85,5,'2025-10-02T01:27:05.564Z','2025-10-02T01:27:12.935Z');
INSERT INTO "products" VALUES(69,'H130','泡棉跳繩 H130','471876110110',130,'PVC/發泡柄 280cm','["https://pub-11489dff30344afe939903afef710f23.r2.dev/product-new_1759368605207-1759368605207-bn04a.webp"]',90,5,'2025-10-02T01:30:06.700Z','2025-10-02T01:30:06.700Z');
INSERT INTO "products" VALUES(70,'H60508','計數跳繩 H60508','471876110508',170,'PP&PVC&棉/PP 280cm','["https://pub-11489dff30344afe939903afef710f23.r2.dev/product-new_1759368789808-1759368789808-27qjq.webp"]',90,5,'2025-10-02T01:33:11.140Z','2025-10-02T01:33:23.584Z');
INSERT INTO "products" VALUES(71,'H180','專業培林軸心跳繩 H180','471876110160',180,'PVC/發泡柄 295cm','["https://pub-11489dff30344afe939903afef710f23.r2.dev/product-new_1759369063813-1759369063813-ewbhe.webp"]',90,5,'2025-10-02T01:37:45.183Z','2025-10-02T01:37:45.183Z');
INSERT INTO "products" VALUES(72,'H230','競速跳繩 H230','471876110230',230,'PVC/EVA 300cm','["https://pub-11489dff30344afe939903afef710f23.r2.dev/product-new_1759369197510-1759369197510-3wwqv.webp"]',90,5,'2025-10-02T01:39:58.764Z','2025-10-02T01:39:58.764Z');
INSERT INTO "products" VALUES(73,'NO.60-700','實心跳繩 NO.60-700','471876110700',160,'PVC/木材 274cm','["https://pub-11489dff30344afe939903afef710f23.r2.dev/product-new_1759369485661-1759369485661-x2i2b.webp"]',90,5,'2025-10-02T01:44:47.163Z','2025-10-02T01:44:47.163Z');
INSERT INTO "products" VALUES(74,NULL,'實心跳繩   客製','',160,replace('1350呎/25KG\nPVC/木材、塑膠\n2人/11尺160$\n3人/16尺 208$\n4人/20尺 260$\n5人/25尺 320$ \n6人/30尺 390$\n7人/35尺 455$\n8人/70尺 910$\n\n','\n',char(10)),'["https://pub-11489dff30344afe939903afef710f23.r2.dev/product-new_1759370102919-1759370102919-0spxk.webp"]',90,5,'2025-10-02T01:55:04.372Z','2025-10-02T01:55:41.389Z');
INSERT INTO "products" VALUES(75,NULL,'拉力繩','',NULL,'拉伸長度:45~115(最大)cm','["https://pub-11489dff30344afe939903afef710f23.r2.dev/product-new_1759370762781-1759370762781-4ay5v.webp"]',90,12,'2025-10-02T02:06:04.558Z','2025-10-02T02:06:04.558Z');
INSERT INTO "products" VALUES(76,NULL,'10珠櫸木撥筋棒','',NULL,'','["https://pub-11489dff30344afe939903afef710f23.r2.dev/product-new_1759372445273-1759372445273-v3bsz.webp"]',90,15,'2025-10-02T02:34:06.795Z','2025-10-02T02:34:06.795Z');
INSERT INTO "products" VALUES(77,'X25242','筋膜球','',NULL,'直徑63mm','["https://pub-11489dff30344afe939903afef710f23.r2.dev/product-new_1759372481238-1759372481238-ik8m7.webp"]',70,15,'2025-10-02T02:34:42.818Z','2025-10-02T02:39:43.531Z');
INSERT INTO "products" VALUES(78,NULL,'軟式網球','',NULL,'','["https://pub-11489dff30344afe939903afef710f23.r2.dev/product-new_1759372496593-1759372496593-9rn1f.webp"]',75,15,'2025-10-02T02:34:57.976Z','2025-10-02T02:35:02.377Z');
INSERT INTO "products" VALUES(79,NULL,'手持式按摩滾輪','',NULL,'','["https://pub-11489dff30344afe939903afef710f23.r2.dev/product-new_1759372645118-1759372645118-hiyg8.webp"]',90,15,'2025-10-02T02:37:27.029Z','2025-10-02T02:37:27.029Z');
INSERT INTO "products" VALUES(80,NULL,'木製三珠                                                                  按摩器','',NULL,'','["https://pub-11489dff30344afe939903afef710f23.r2.dev/product-new_1759372684750-1759372684750-6drmh.webp","https://pub-11489dff30344afe939903afef710f23.r2.dev/product-new_1759372684750-1759372684750-822vp.webp"]',90,15,'2025-10-02T02:38:06.407Z','2025-10-02T02:38:06.407Z');
INSERT INTO "products" VALUES(81,NULL,'手套整形木槌','',NULL,'','["https://pub-11489dff30344afe939903afef710f23.r2.dev/product-new_1759372722527-1759372722527-ytnlh.webp"]',90,15,'2025-10-02T02:38:43.921Z','2025-10-02T02:38:43.921Z');
INSERT INTO "products" VALUES(82,NULL,'手套整形木槌','',NULL,'','["https://pub-11489dff30344afe939903afef710f23.r2.dev/product-new_1759372759718-1759372759718-s1egh.webp"]',90,15,'2025-10-02T02:39:21.617Z','2025-10-02T02:39:21.617Z');
INSERT INTO "products" VALUES(83,'X25240','花生筋膜球','',NULL,'直徑:6.5x13.5cm','["https://pub-11489dff30344afe939903afef710f23.r2.dev/product-new_1759372827273-1759372827273-rjjt6.webp"]',90,15,'2025-10-02T02:40:29.236Z','2025-10-02T02:40:29.236Z');
INSERT INTO "products" VALUES(84,NULL,'樂樂棒附球24吋','',290,'橡膠泡棉/PVC','["https://pub-11489dff30344afe939903afef710f23.r2.dev/product-new_1759373440096-1759373440096-a21an.webp"]',90,8,'2025-10-02T02:50:41.790Z','2025-10-02T02:51:52.313Z');
INSERT INTO "products" VALUES(85,NULL,'樂樂棒附球27吋','',340,'橡膠泡棉/PVC','["https://pub-11489dff30344afe939903afef710f23.r2.dev/product-new_1759373499232-1759373499232-sfef2.webp"]',90,8,'2025-10-02T02:51:40.773Z','2025-10-02T02:52:01.415Z');
INSERT INTO "products" VALUES(86,'H20400','護膝(白、黑)','4718761162009',100,replace('尺寸:M/L\nM:23-32 / L:31-38 cm(膝圍)','\n',char(10)),'["https://pub-11489dff30344afe939903afef710f23.r2.dev/product-new_1759374850591-1759374850591-304p4.webp"]',95,16,'2025-10-02T03:14:12.394Z','2025-10-02T03:17:42.440Z');
INSERT INTO "products" VALUES(87,'H20785','加壓透氣護腕','',82,'材質:棉紗','["https://pub-11489dff30344afe939903afef710f23.r2.dev/product-new_1759374895200-1759374895200-ailcd.webp"]',85,16,'2025-10-02T03:14:57.088Z','2025-10-02T03:17:37.426Z');
INSERT INTO "products" VALUES(88,'H20867','毛巾護腕2入','4718761164003',60,'','["https://pub-11489dff30344afe939903afef710f23.r2.dev/product-new_1759375032416-1759375032416-k3ily.webp","https://pub-11489dff30344afe939903afef710f23.r2.dev/product-new_1759375032417-1759375032417-8z5lk.webp","https://pub-11489dff30344afe939903afef710f23.r2.dev/product-new_1759375032417-1759375032417-kbpll.webp","https://pub-11489dff30344afe939903afef710f23.r2.dev/product-new_1759375032417-1759375032417-9niry.webp"]',90,16,'2025-10-02T03:17:14.272Z','2025-10-02T03:17:14.272Z');
INSERT INTO "products" VALUES(89,'H20850','毛巾頭帶','4718761165000',50,'棉、橡膠、聚酯纖維','["https://pub-11489dff30344afe939903afef710f23.r2.dev/product-new_1759375287865-1759375287865-4i88b.webp"]',85,16,'2025-10-02T03:21:29.389Z','2025-10-02T03:21:29.389Z');
INSERT INTO "products" VALUES(90,NULL,'瑜珈磚小','',NULL,'3*6*9 英吋','["https://pub-11489dff30344afe939903afef710f23.r2.dev/product-new_1759375928994-1759375928994-ifl85.webp"]',90,17,'2025-10-02T03:32:10.577Z','2025-10-02T03:32:10.577Z');
INSERT INTO "products" VALUES(91,NULL,'瑜珈、韻律墊 6mm','',NULL,'聚氯乙烯 60*170cm','["https://pub-11489dff30344afe939903afef710f23.r2.dev/product-new_1759376086752-1759376086752-h6m4g.webp"]',90,17,'2025-10-02T03:34:48.524Z','2025-10-02T03:34:48.524Z');
INSERT INTO "products" VALUES(92,NULL,'瑜珈、韻律墊 8mm','',NULL,'','["https://pub-11489dff30344afe939903afef710f23.r2.dev/product-new_1759376177319-1759376177319-uib1u.webp"]',90,17,'2025-10-02T03:36:18.989Z','2025-10-02T03:36:18.989Z');
INSERT INTO "products" VALUES(93,NULL,'瑜珈滾輪 33cm','',NULL,'33cm','["https://pub-11489dff30344afe939903afef710f23.r2.dev/product-93-1759376350872-xe4df.webp"]',90,17,'2025-10-02T03:38:32.458Z','2025-10-02T03:49:34.145Z');
INSERT INTO "products" VALUES(94,NULL,'瑜珈、韻律墊 10mm','',NULL,'材質:NBR','["https://pub-11489dff30344afe939903afef710f23.r2.dev/product-new_1759376829320-1759376829320-d0b1c.webp"]',90,17,'2025-10-02T03:47:11.033Z','2025-10-02T03:47:11.033Z');
INSERT INTO "products" VALUES(95,NULL,'健腹輪','',NULL,'','["https://pub-11489dff30344afe939903afef710f23.r2.dev/product-new_1759376865904-1759376865904-qgp4u.webp"]',90,12,'2025-10-02T03:47:47.549Z','2025-10-02T03:47:47.549Z');
INSERT INTO "products" VALUES(96,NULL,'瑜珈按摩滾筒 50cm','',NULL,'50cm','["https://pub-11489dff30344afe939903afef710f23.r2.dev/product-new_1759376955864-1759376955864-fq1dp.webp"]',90,17,'2025-10-02T03:49:18.044Z','2025-10-02T03:49:27.970Z');
INSERT INTO "products" VALUES(97,'SG350','膠皮少年手套 10.5吋','471876108280',380,'塑膠皮 10.5吋','["https://pub-11489dff30344afe939903afef710f23.r2.dev/product-new_1759386865171-1759386865171-pcl0h.webp","https://pub-11489dff30344afe939903afef710f23.r2.dev/product-new_1759386865171-1759386865171-2ncxk.webp"]',100,19,'2025-10-02T06:34:28.667Z','2025-10-02T06:37:36.516Z');
INSERT INTO "products" VALUES(98,'SG400','膠皮少年手套 11吋','471876108350',440,'塑膠皮 11吋','["https://pub-11489dff30344afe939903afef710f23.r2.dev/product-new_1759387518958-1759387518958-lwzyc.webp","https://pub-11489dff30344afe939903afef710f23.r2.dev/product-new_1759387518959-1759387518959-kc8ko.webp"]',90,19,'2025-10-02T06:45:24.526Z','2025-10-02T06:45:24.526Z');
INSERT INTO "products" VALUES(99,'BN220G','特多龍籃球網12目','471876112220',NULL,replace('包裝: 2入\n重量: 210-220g','\n',char(10)),'["https://pub-11489dff30344afe939903afef710f23.r2.dev/product-new_1759388505805-1759388505805-7cvhj.webp"]',95,20,'2025-10-02T07:01:47.431Z','2025-10-02T07:08:02.947Z');
INSERT INTO "products" VALUES(100,'BN100','三色籃球網12目','471876112002',NULL,replace('包裝: 2入\n材質: 尼龍','\n',char(10)),'["https://pub-11489dff30344afe939903afef710f23.r2.dev/product-new_1759388846407-1759388846407-jfyxw.webp"]',100,20,'2025-10-02T07:07:28.393Z','2025-10-02T07:07:35.257Z');
INSERT INTO "products" VALUES(101,NULL,'十二目正棉紗籃球網','4718761120030',NULL,replace('包裝: 2入裝\n','\n',char(10)),'["https://pub-11489dff30344afe939903afef710f23.r2.dev/product-new_1759389860293-1759389860293-mnmbs.webp"]',100,20,'2025-10-02T07:24:21.862Z','2025-10-02T07:24:21.862Z');
INSERT INTO "products" VALUES(102,NULL,'十二目正式比賽用籃球網','471876112004',NULL,'包裝: 2入','["https://pub-11489dff30344afe939903afef710f23.r2.dev/product-new_1759390780368-1759390780368-zaa8a.webp"]',100,20,'2025-10-02T07:39:42.359Z','2025-10-02T07:39:46.737Z');
INSERT INTO "products" VALUES(103,NULL,'12吋打氣筒','471422078701',NULL,'材質: 塑膠、鍍鋅金屬','["https://pub-11489dff30344afe939903afef710f23.r2.dev/product-new_1759391653899-1759391653899-1em7b.webp","https://pub-11489dff30344afe939903afef710f23.r2.dev/product-new_1759391653901-1759391653901-51d2a.webp"]',90,13,'2025-10-02T07:54:15.337Z','2025-10-02T07:54:15.337Z');
INSERT INTO "products" VALUES(104,NULL,'球針','',NULL,'','["https://pub-11489dff30344afe939903afef710f23.r2.dev/product-new_1759391906325-1759391906325-bccei.webp"]',90,13,'2025-10-02T07:58:27.646Z','2025-10-02T07:58:44.576Z');
INSERT INTO "products" VALUES(105,NULL,'籃網鐵網','',NULL,'','["https://pub-11489dff30344afe939903afef710f23.r2.dev/product-new_1759392953804-1759392953804-r43oo.webp"]',100,20,'2025-10-02T08:15:55.457Z','2025-10-02T08:16:04.122Z');
INSERT INTO "products" VALUES(106,NULL,'籃球框','',NULL,'附球網','["https://pub-11489dff30344afe939903afef710f23.r2.dev/product-new_1759393298458-1759393298458-326it.webp"]',100,20,'2025-10-02T08:21:45.660Z','2025-10-03T03:58:25.816Z');
INSERT INTO "products" VALUES(107,NULL,'迷你木質三角小畫架','471876132150',NULL,replace('材質:木頭、鐵\n規格:28x19(±5%)cm','\n',char(10)),'["https://pub-11489dff30344afe939903afef710f23.r2.dev/product-new_1759455021645-1759455021645-jz6j2.webp"]',100,22,'2025-10-03T01:30:23.785Z','2025-10-03T01:31:39.333Z');
INSERT INTO "products" VALUES(108,NULL,'塗鴉畫板 磁性黑白板兩用','471876132250',350,replace('附件:磁鐵x2、白板筆x1、板板擦x1、粉筆x1\n材質:木頭、塑料','\n',char(10)),'["https://pub-11489dff30344afe939903afef710f23.r2.dev/product-new_1759455573818-1759455573818-7aqg2.webp","https://pub-11489dff30344afe939903afef710f23.r2.dev/product-108-1759455649242-ts9qu.webp"]',90,22,'2025-10-03T01:39:35.957Z','2025-10-03T01:40:50.476Z');
INSERT INTO "products" VALUES(109,'EA181','等腰直角三角形','',350,'','["https://pub-11489dff30344afe939903afef710f23.r2.dev/product-new_1759460175152-1759460175152-9y8tk.webp"]',100,22,'2025-10-03T02:56:16.443Z','2025-10-03T02:58:12.430Z');
INSERT INTO "products" VALUES(110,'EA182','直角三角形(30-60-90)','',350,'','["https://pub-11489dff30344afe939903afef710f23.r2.dev/product-new_1759460446657-1759460446657-dl9ch.webp"]',100,22,'2025-10-03T03:00:48.062Z','2025-10-03T03:00:48.062Z');
INSERT INTO "products" VALUES(111,'EA90','白板筆用圓規','471876141002',350,'材質:木、鐵、塑膠','["https://pub-11489dff30344afe939903afef710f23.r2.dev/product-111-1759461728448-hhasj.webp","https://pub-11489dff30344afe939903afef710f23.r2.dev/product-111-1759461728445-dz11h.webp"]',100,22,'2025-10-03T03:02:19.401Z','2025-10-03T03:27:12.793Z');
INSERT INTO "products" VALUES(112,NULL,'丁字尺 90/75/60cm','',NULL,'','["https://pub-11489dff30344afe939903afef710f23.r2.dev/product-new_1759460661014-1759460661014-8h4pr.webp","https://pub-11489dff30344afe939903afef710f23.r2.dev/product-112-1759463754577-qq2tn.webp"]',100,22,'2025-10-03T03:04:22.179Z','2025-10-03T03:55:55.850Z');
INSERT INTO "products" VALUES(113,NULL,'扯鈴棒','',NULL,'','["https://pub-11489dff30344afe939903afef710f23.r2.dev/product-new_1759460737728-1759460737728-kdsuc.webp"]',100,22,'2025-10-03T03:05:38.858Z','2025-10-03T03:05:38.858Z');
INSERT INTO "products" VALUES(114,'EA360','量角器','',350,'','["https://pub-11489dff30344afe939903afef710f23.r2.dev/product-new_1759461905017-1759461905017-unv2i.webp"]',100,22,'2025-10-03T03:25:06.542Z','2025-10-03T03:25:06.542Z');
INSERT INTO "products" VALUES(115,NULL,'粉筆用圓規','',NULL,'材質：木、鐵、塑膠','["https://pub-11489dff30344afe939903afef710f23.r2.dev/product-new_1759462405599-1759462405599-uamvs.webp","https://pub-11489dff30344afe939903afef710f23.r2.dev/product-new_1759462405600-1759462405600-j4ty1.webp"]',100,22,'2025-10-03T03:33:27.010Z','2025-10-03T03:33:27.010Z');
INSERT INTO "products" VALUES(117,'E24205','國語日報夾 鋁報夾','471876130003',105,replace('材質：鋁合金、鐵、塑膠\n長度：51cm','\n',char(10)),'["https://pub-11489dff30344afe939903afef710f23.r2.dev/product-new_1759463522578-1759463522578-pqcrg.webp","https://pub-11489dff30344afe939903afef710f23.r2.dev/product-117-1759463822546-bv9bh.webp"]',100,22,'2025-10-03T03:52:03.834Z','2025-10-03T03:57:04.225Z');
INSERT INTO "products" VALUES(118,'E24203','鋁報夾','471876130002',110,'材質：鋁合金、鐵、塑膠','["https://pub-11489dff30344afe939903afef710f23.r2.dev/product-new_1759464224752-1759464224752-68i4o.webp","https://pub-11489dff30344afe939903afef710f23.r2.dev/product-118-1759464257876-jd73h.webp"]',100,22,'2025-10-03T04:03:46.153Z','2025-10-03T04:04:19.338Z');
INSERT INTO "products" VALUES(119,NULL,'A4 環保耐用板夾','471876140318',NULL,replace('材質：高密集板、鐵\n規格：23 x 23 cm\n','\n',char(10)),'["https://pub-11489dff30344afe939903afef710f23.r2.dev/product-new_1759464607382-1759464607382-dg9hp.webp"]',100,22,'2025-10-03T04:10:08.702Z','2025-10-03T04:10:08.702Z');
INSERT INTO "products" VALUES(120,NULL,'木板夾','',NULL,'','["https://pub-11489dff30344afe939903afef710f23.r2.dev/product-new_1759464753174-1759464753174-rei5j.webp"]',90,22,'2025-10-03T04:12:34.516Z','2025-10-03T07:13:49.635Z');
INSERT INTO "products" VALUES(121,'E280','立體圖板','',200,replace('2k 420$\n4k 230$\n6k 200$','\n',char(10)),'["https://pub-11489dff30344afe939903afef710f23.r2.dev/product-121-1759464868224-m4bdq.webp","https://pub-11489dff30344afe939903afef710f23.r2.dev/product-121-1759465474371-st90c.webp"]',100,22,'2025-10-03T04:13:36.167Z','2025-10-03T04:24:35.676Z');
INSERT INTO "products" VALUES(122,'E80600','五股童軍繩 一打','471876115601',NULL,'','["https://pub-11489dff30344afe939903afef710f23.r2.dev/product-122-1759471746756-ygtml.webp"]',100,22,'2025-10-03T05:02:18.921Z','2025-10-03T06:09:08.411Z');
INSERT INTO "products" VALUES(123,'E80700','八股特級童軍繩 一打','471876115701',35,'長度：310公分±5公分','["https://pub-11489dff30344afe939903afef710f23.r2.dev/product-123-1759471554588-vi9cd.webp"]',100,22,'2025-10-03T05:03:21.465Z','2025-10-03T06:06:24.321Z');
INSERT INTO "products" VALUES(124,'E80650','五股特級童軍繩','471876115651',25,replace('長度：270公分±5公分\n材質：特多龍棉','\n',char(10)),'["https://pub-11489dff30344afe939903afef710f23.r2.dev/product-124-1759470138022-18wb3.webp"]',100,22,'2025-10-03T05:04:19.440Z','2025-10-03T05:42:19.907Z');
INSERT INTO "products" VALUES(125,NULL,'13入/9入 圍棋板','471876135004',130,'材質：木材','["https://pub-11489dff30344afe939903afef710f23.r2.dev/product-125-1759470582330-8up06.webp","https://pub-11489dff30344afe939903afef710f23.r2.dev/product-125-1759470582334-kxxl8.webp"]',95,22,'2025-10-03T05:47:14.457Z','2025-10-03T05:56:50.443Z');
INSERT INTO "products" VALUES(126,NULL,'棋板 (象棋/跳棋)','471876135003',130,'邊長：44.5cm','["https://pub-11489dff30344afe939903afef710f23.r2.dev/product-126-1759470942761-qvmot.webp","https://pub-11489dff30344afe939903afef710f23.r2.dev/product-126-1759470942758-ufgmb.webp"]',95,22,'2025-10-03T05:52:12.533Z','2025-10-03T06:02:46.071Z');
INSERT INTO "products" VALUES(127,NULL,'棋板 (象棋/圍棋)','471876135002',110,'邊長：44.5cm','["https://pub-11489dff30344afe939903afef710f23.r2.dev/product-new_1759471351302-1759471351302-lw66s.webp","https://pub-11489dff30344afe939903afef710f23.r2.dev/product-new_1759471351308-1759471351308-6emw6.webp"]',85,22,'2025-10-03T06:02:34.020Z','2025-10-03T06:02:53.839Z');
INSERT INTO "products" VALUES(128,'TB0060','3入超值網球','471876114918',70,'材質：橡膠、毛布','["https://pub-11489dff30344afe939903afef710f23.r2.dev/product-128-1759475508470-iliip.webp","https://pub-11489dff30344afe939903afef710f23.r2.dev/product-128-1759471975765-i0t73.webp"]',90,23,'2025-10-03T06:11:48.520Z','2025-10-03T07:11:55.881Z');
INSERT INTO "products" VALUES(129,NULL,'鐵人排網球','471876114917',50,'材質：膠布、絨布','["https://pub-11489dff30344afe939903afef710f23.r2.dev/product-new_1759472260756-1759472260756-jb3vo.webp"]',100,23,'2025-10-03T06:17:42.738Z','2025-10-03T06:17:42.738Z');
INSERT INTO "products" VALUES(130,'EA188','印章箱 小','471876136004',500,'材質：木、塑膠、鐵','["https://pub-11489dff30344afe939903afef710f23.r2.dev/product-130-1759473020331-1d8xk.webp","https://pub-11489dff30344afe939903afef710f23.r2.dev/product-130-1759473020327-czvwu.webp","https://pub-11489dff30344afe939903afef710f23.r2.dev/product-130-1759473020331-pggia.webp"]',100,24,'2025-10-03T06:23:24.928Z','2025-10-03T06:30:30.091Z');
INSERT INTO "products" VALUES(131,'EA187','印章箱 中','471876136003',570,'材質：木、塑膠、鐵','["https://pub-11489dff30344afe939903afef710f23.r2.dev/product-131-1759473740411-cd4go.webp","https://pub-11489dff30344afe939903afef710f23.r2.dev/product-new_1759473479322-1759473479322-9hydm.webp","https://pub-11489dff30344afe939903afef710f23.r2.dev/product-131-1759473740418-dmrpe.webp"]',100,24,'2025-10-03T06:38:00.879Z','2025-10-03T06:42:25.935Z');
INSERT INTO "products" VALUES(132,'EA186','印章箱 大','471876136002',630,'材質：木、塑膠、鐵','["https://pub-11489dff30344afe939903afef710f23.r2.dev/product-new_1759474078122-1759474078122-6ejbl.webp","https://pub-11489dff30344afe939903afef710f23.r2.dev/product-new_1759474078127-1759474078127-1dq96.webp","https://pub-11489dff30344afe939903afef710f23.r2.dev/product-new_1759474078128-1759474078128-0y96h.webp"]',100,24,'2025-10-03T06:48:00.283Z','2025-10-03T06:48:00.283Z');
INSERT INTO "products" VALUES(133,'EA189','印章箱 特大','471876136001',690,'材質：木、塑膠、鐵','["https://pub-11489dff30344afe939903afef710f23.r2.dev/product-new_1759474521503-1759474521503-o14qd.webp","https://pub-11489dff30344afe939903afef710f23.r2.dev/product-new_1759474521510-1759474521510-96kt1.webp","https://pub-11489dff30344afe939903afef710f23.r2.dev/product-new_1759474521510-1759474521510-f3fin.webp"]',100,24,'2025-10-03T06:55:23.083Z','2025-10-03T06:55:27.531Z');
INSERT INTO "products" VALUES(134,'EA183','印章箱 加大','471876136005',820,'材質：木、塑膠、鐵','["https://pub-11489dff30344afe939903afef710f23.r2.dev/product-new_1759475171389-1759475171389-yf8zw.webp","https://pub-11489dff30344afe939903afef710f23.r2.dev/product-new_1759475171392-1759475171392-06x5i.webp","https://pub-11489dff30344afe939903afef710f23.r2.dev/product-new_1759475171393-1759475171393-1hjwo.webp"]',90,24,'2025-10-03T07:06:13.088Z','2025-10-03T08:07:49.141Z');
DELETE FROM sqlite_sequence;
INSERT INTO "sqlite_sequence" VALUES('categories',24);
INSERT INTO "sqlite_sequence" VALUES('products',137);
